annee;classe_d_age;sexe;part_activite
2020;00-10 ans;Hommes;140.538650557007
2020;45-64 ans;Hommes;501.45910513240403
2020;Tous;Hommes;372.60882588256
2020;00-10 ans;Femmes;150.73055113858
2020;15-17 ans;Femmes;1586.33282473298
2020;65-84 ans;Femmes;342.522367779108
2020;85 ans et plus;Femmes;146.022267536845
2020;Tous;Femmes;641.839887371163
2020;15-17 ans;Hommes et Femmes;1015.2259793725
2020;18-24 ans;Hommes et Femmes;830.84420688571
2020;11-14 ans;Hommes;146.487626234602
2020;15-17 ans;Hommes;484.35500756077704
2020;18-24 ans;Hommes;550.2344650642721
2020;11-14 ans;Femmes;756.975234975914
2020;45-64 ans;Femmes;948.798156222258
2020;00-10 ans;Hommes et Femmes;145.170595575114
2020;11-14 ans;Hommes et Femmes;426.772686548061
2020;25-44 ans;Hommes et Femmes;665.941702923649
2020;Tous;Hommes et Femmes;502.21431155097
2020;25-44 ans;Hommes;577.157122284222
2020;65-84 ans;Hommes;151.61569124964998
2020;85 ans et plus;Hommes;117.226767294041
2020;18-24 ans;Femmes;1115.1061402149599
2020;25-44 ans;Femmes;768.513993814252
2020;45-64 ans;Hommes et Femmes;706.0357637036631
2020;65-84 ans;Hommes et Femmes;245.434395098843
2020;85 ans et plus;Hommes et Femmes;135.728816254768
2021;65-84 ans;Hommes;147.346554264596
2021;00-10 ans;Femmes;99.54652895642761
2021;18-24 ans;Femmes;1165.0221625936201
2021;25-44 ans;Femmes;698.4562525666399
2021;11-14 ans;Hommes et Femmes;610.559586540218
2021;18-24 ans;Hommes et Femmes;823.620660005545
2021;25-44 ans;Hommes et Femmes;592.338384695733
2021;45-64 ans;Hommes et Femmes;629.836281811129
2021;65-84 ans;Hommes et Femmes;238.88181203757202
2021;15-17 ans;Hommes;450.78723644811697
2021;18-24 ans;Hommes;486.711548882193
2021;25-44 ans;Hommes;500.612442296764
2021;85 ans et plus;Hommes;104.03853609690901
2021;15-17 ans;Femmes;2077.88016075133
2021;45-64 ans;Femmes;838.340208149998
2021;85 ans et plus;Femmes;135.647224413407
2021;Tous;Femmes;628.220035631581
2021;00-10 ans;Hommes et Femmes;100.72095598164701
2021;15-17 ans;Hommes et Femmes;1233.51636391856
2021;Tous;Hommes et Femmes;469.134337652861
2021;00-10 ans;Hommes;101.70942114522299
2021;11-14 ans;Hommes;139.11185427755
2021;45-64 ans;Hommes;452.446999882315
2021;Tous;Hommes;321.331619388383
2021;11-14 ans;Femmes;1169.3223672919798
2021;65-84 ans;Femmes;331.944302925748
2021;85 ans et plus;Hommes et Femmes;124.36338383813299
2022;11-14 ans;Hommes;121.671010945711
2022;85 ans et plus;Hommes;94.96188063683199
2022;11-14 ans;Femmes;1107.30338046118
2022;15-17 ans;Femmes;2279.22756097394
2022;45-64 ans;Femmes;766.908399613592
2022;65-84 ans;Femmes;293.20470226845
2022;85 ans et plus;Femmes;127.28498078913898
2022;00-10 ans;Hommes;85.0762545892644
2022;15-17 ans;Hommes;447.94986492152196
2022;65-84 ans;Hommes;136.56456546202799
2022;Tous;Hommes;294.062804510002
2022;00-10 ans;Femmes;85.1301588007558
2022;25-44 ans;Femmes;665.839606476579
2022;11-14 ans;Hommes et Femmes;564.250151759834
2022;18-24 ans;Hommes et Femmes;878.278466709415
2022;25-44 ans;Hommes et Femmes;550.827011675329
2022;65-84 ans;Hommes et Femmes;214.117776052325
2022;85 ans et plus;Hommes et Femmes;115.925074114941
2022;Tous;Hommes et Femmes;445.53663063990496
2022;18-24 ans;Hommes;482.432287446771
2022;25-44 ans;Hommes;453.498266424516
2022;45-64 ans;Hommes;424.296145692573
2022;18-24 ans;Femmes;1284.9195293318298
2022;Tous;Femmes;609.912043677931
2022;00-10 ans;Hommes et Femmes;85.0896324472625
2022;15-17 ans;Hommes et Femmes;1327.06749053324
2022;45-64 ans;Hommes et Femmes;582.8704838864429
2023;65-84 ans;Hommes;134.375125836862
2023;00-10 ans;Femmes;88.5482664386803
2023;18-24 ans;Femmes;1443.5261273895699
2023;65-84 ans;Femmes;276.92996439688
2023;18-24 ans;Hommes et Femmes;955.8902924504449
2023;65-84 ans;Hommes et Femmes;205.143145913694
2023;Tous;Hommes et Femmes;452.80226517326696
2023;00-10 ans;Hommes;88.3575398122636
2023;11-14 ans;Hommes;122.24825010362
2023;85 ans et plus;Hommes;88.63272996153539
2023;15-17 ans;Femmes;2209.62294064934
2023;25-44 ans;Femmes;692.249632305778
2023;85 ans et plus;Femmes;113.115837337186
2023;Tous;Femmes;623.7012588591899
2023;00-10 ans;Hommes et Femmes;88.4362185921119
2023;85 ans et plus;Hommes et Femmes;104.206560560043
2023;15-17 ans;Hommes;375.29260502980503
2023;18-24 ans;Hommes;481.869991934857
2023;25-44 ans;Hommes;468.59893548813903
2023;45-64 ans;Hommes;411.987540008445
2023;Tous;Hommes;294.59515708445696
2023;11-14 ans;Femmes;1102.02881837864
2023;45-64 ans;Femmes;736.88134843085
2023;11-14 ans;Hommes et Femmes;564.780617709651
2023;15-17 ans;Hommes et Femmes;1252.92753556307
2023;25-44 ans;Hommes et Femmes;571.55803320106
2023;45-64 ans;Hommes et Femmes;563.0876277280701
2024;18-24 ans;Hommes;521.891742102346
2024;00-10 ans;Femmes;89.97661921427719
2024;15-17 ans;Femmes;2318.21969853004
2024;Tous;Femmes;616.454364497141
2024;25-44 ans;Hommes et Femmes;559.1078098263939
2024;45-64 ans;Hommes et Femmes;512.0120166718909
2024;85 ans et plus;Hommes et Femmes;99.91499643220901
2024;Tous;Hommes et Femmes;447.720135703703
2024;25-44 ans;Hommes;461.192278462375
2024;45-64 ans;Hommes;383.782403731611
2024;65-84 ans;Hommes;118.793210511122
2024;85 ans et plus;Hommes;83.8951173500146
2024;Tous;Hommes;288.97452937062803
2024;25-44 ans;Femmes;670.875929636324
2024;00-10 ans;Hommes;85.2249692943865
2024;11-14 ans;Hommes;123.71674418398
2024;15-17 ans;Hommes;446.71462249894194
2024;11-14 ans;Femmes;1328.84098447415
2024;18-24 ans;Femmes;1411.97453182586
2024;45-64 ans;Femmes;657.555765417693
2024;65-84 ans;Femmes;265.184628082222
2024;85 ans et plus;Femmes;109.246955407258
2024;00-10 ans;Hommes et Femmes;87.3512032200051
2024;11-14 ans;Hommes et Femmes;676.5194044129399
2024;15-17 ans;Hommes et Femmes;1360.0118772927199
2024;18-24 ans;Hommes et Femmes;966.915154738221
2024;65-84 ans;Hommes et Femmes;191.743661758483
