annee;classe_d_age;sexe;nombre_de_patients;taux_brut;taux_standardise
2024;00-10 ans;Femmes;123.0;3.1;
2024;00-10 ans;Hommes;178.0;4.3;
2024;00-10 ans;Hommes et Femmes;301.0;3.7;
2024;11-14 ans;Femmes;6724.0;401.9;
2024;11-14 ans;Hommes;744.0;42.4;
2024;11-14 ans;Hommes et Femmes;7468.0;217.8;
2024;15-17 ans;Femmes;8371.0;666.9;
2024;15-17 ans;Hommes;1691.0;126.5;
2024;15-17 ans;Hommes et Femmes;10062.0;388.2;
2024;18-24 ans;Femmes;8903.5;326.2;
2024;18-24 ans;Hommes;3957.0;137.8;
2024;18-24 ans;Hommes et Femmes;12860.5;229.6;
2024;25-44 ans;Femmes;10943.5;129.3;
2024;25-44 ans;Hommes;10336.5;126.4;
2024;25-44 ans;Hommes et Femmes;21280.0;127.9;
2024;45-64 ans;Femmes;10976.0;123.4;
2024;45-64 ans;Hommes;8491.5;99.3;
2024;45-64 ans;Hommes et Femmes;19467.5;111.6;
2024;65-84 ans;Femmes;4647.25;68.6;
2024;65-84 ans;Hommes;2745.0;48.6;
2024;65-84 ans;Hommes et Femmes;7392.25;59.5;
2024;85 ans et plus;Femmes;1059.25;67.6;
2024;85 ans et plus;Hommes;627.0;80.6;
2024;85 ans et plus;Hommes et Femmes;1686.25;71.9;
2024;Tous;Femmes;51743.5;146.4;146.2
2024;Tous;Hommes;28770.0;86.4;86.2
2024;Tous;Hommes et Femmes;80517.5;117.3;117.2
2023;00-10 ans;Femmes;165.0;4.1;
2023;00-10 ans;Hommes;184.0;4.3;
2023;00-10 ans;Hommes et Femmes;349.0;4.2;
2023;11-14 ans;Femmes;5511.0;329.2;
2023;11-14 ans;Hommes;694.0;39.5;
2023;11-14 ans;Hommes et Femmes;6205.0;180.8;
2023;15-17 ans;Femmes;7152.0;574.8;
2023;15-17 ans;Hommes;1390.0;105.2;
2023;15-17 ans;Hommes et Femmes;8542.0;333.0;
2023;18-24 ans;Femmes;8527.0;312.5;
2023;18-24 ans;Hommes;3660.0;127.8;
2023;18-24 ans;Hommes et Femmes;12187.0;218.0;
2023;25-44 ans;Femmes;10684.0;127.0;
2023;25-44 ans;Hommes;9857.5;121.4;
2023;25-44 ans;Hommes et Femmes;20541.5;124.2;
2023;45-64 ans;Femmes;11140.5;125.0;
2023;45-64 ans;Hommes;8479.5;99.2;
2023;45-64 ans;Hommes et Femmes;19620.0;112.4;
2023;65-84 ans;Femmes;4518.0;67.9;
2023;65-84 ans;Hommes;2629.0;47.5;
2023;65-84 ans;Hommes et Femmes;7147.0;58.6;
2023;85 ans et plus;Femmes;1065.0;68.5;
2023;85 ans et plus;Hommes;669.0;88.5;
2023;85 ans et plus;Hommes et Femmes;1734.0;75.0;
2023;Tous;Femmes;48762.5;138.4;138.4
2023;Tous;Hommes;27564.0;83.1;83.1
2023;Tous;Hommes et Femmes;76326.5;111.6;111.6
2022;00-10 ans;Femmes;137.0;3.3;
2022;00-10 ans;Hommes;207.0;4.8;
2022;00-10 ans;Hommes et Femmes;344.0;4.1;
2022;11-14 ans;Femmes;5283.0;315.7;
2022;11-14 ans;Hommes;655.0;37.3;
2022;11-14 ans;Hommes et Femmes;5938.0;173.1;
2022;15-17 ans;Femmes;7369.0;595.4;
2022;15-17 ans;Hommes;1486.0;113.1;
2022;15-17 ans;Hommes et Femmes;8855.0;347.0;
2022;18-24 ans;Femmes;7863.0;289.8;
2022;18-24 ans;Hommes;3607.0;127.1;
2022;18-24 ans;Hommes et Femmes;11470.0;206.6;
2022;25-44 ans;Femmes;9947.0;118.9;
2022;25-44 ans;Hommes;9465.0;117.4;
2022;25-44 ans;Hommes et Femmes;19412.0;118.1;
2022;45-64 ans;Femmes;11330.5;127.1;
2022;45-64 ans;Hommes;8426.5;98.8;
2022;45-64 ans;Hommes et Femmes;19758.0;113.2;
2022;65-84 ans;Femmes;4566.0;70.0;
2022;65-84 ans;Hommes;2689.0;49.7;
2022;65-84 ans;Hommes et Femmes;7255.0;60.8;
2022;85 ans et plus;Femmes;1049.0;68.3;
2022;85 ans et plus;Hommes;679.0;92.3;
2022;85 ans et plus;Hommes et Femmes;1728.0;76.0;
2022;Tous;Femmes;47544.5;135.5;135.6
2022;Tous;Hommes;27214.5;82.5;82.7
2022;Tous;Hommes et Femmes;74760.0;109.8;109.9
2021;00-10 ans;Femmes;148.0;3.5;
2021;00-10 ans;Hommes;178.0;4.1;
2021;00-10 ans;Hommes et Femmes;326.0;3.8;
2021;11-14 ans;Femmes;5354.0;321.8;
2021;11-14 ans;Hommes;739.0;42.3;
2021;11-14 ans;Hommes et Femmes;6093.0;178.6;
2021;15-17 ans;Femmes;6579.0;539.1;
2021;15-17 ans;Hommes;1531.0;118.5;
2021;15-17 ans;Hommes et Femmes;8110.0;322.9;
2021;18-24 ans;Femmes;6925.0;256.7;
2021;18-24 ans;Hommes;3490.0;123.9;
2021;18-24 ans;Hommes et Femmes;10415.0;188.9;
2021;25-44 ans;Femmes;10031.5;121.0;
2021;25-44 ans;Hommes;9720.5;121.8;
2021;25-44 ans;Hommes et Femmes;19752.0;121.4;
2021;45-64 ans;Femmes;11758.5;131.5;
2021;45-64 ans;Hommes;8593.0;100.7;
2021;45-64 ans;Hommes et Femmes;20351.5;116.5;
2021;65-84 ans;Femmes;4425.0;69.1;
2021;65-84 ans;Hommes;2657.0;50.1;
2021;65-84 ans;Hommes et Femmes;7082.0;60.5;
2021;85 ans et plus;Femmes;1018.0;66.4;
2021;85 ans et plus;Hommes;616.0;85.2;
2021;85 ans et plus;Hommes et Femmes;1634.0;72.4;
2021;Tous;Femmes;46239.0;132.4;132.7
2021;Tous;Hommes;27524.5;84.0;84.3
2021;Tous;Hommes et Femmes;73763.5;109.0;109.2
2020;00-10 ans;Femmes;137.0;3.2;
2020;00-10 ans;Hommes;206.0;4.7;
2020;00-10 ans;Hommes et Femmes;343.0;4.0;
2020;11-14 ans;Femmes;2992.0;181.2;
2020;11-14 ans;Hommes;578.0;33.4;
2020;11-14 ans;Hommes et Femmes;3570.0;105.5;
2020;15-17 ans;Femmes;4252.0;349.3;
2020;15-17 ans;Hommes;1269.0;98.9;
2020;15-17 ans;Hommes et Femmes;5521.0;220.8;
2020;18-24 ans;Femmes;5627.0;209.8;
2020;18-24 ans;Hommes;3258.0;116.4;
2020;18-24 ans;Hommes et Femmes;8885.0;162.1;
2020;25-44 ans;Femmes;10104.5;122.3;
2020;25-44 ans;Hommes;10019.0;126.1;
2020;25-44 ans;Hommes et Femmes;20123.5;124.2;
2020;45-64 ans;Femmes;12437.0;138.8;
2020;45-64 ans;Hommes;8839.5;103.7;
2020;45-64 ans;Hommes et Femmes;21276.5;121.7;
2020;65-84 ans;Femmes;4331.25;69.0;
2020;65-84 ans;Hommes;2596.0;49.8;
2020;65-84 ans;Hommes et Femmes;6927.25;60.3;
2020;85 ans et plus;Femmes;1050.25;68.4;
2020;85 ans et plus;Hommes;661.0;91.9;
2020;85 ans et plus;Hommes et Femmes;1711.25;75.9;
2020;Tous;Femmes;40928.0;117.6;117.9
2020;Tous;Hommes;27426.5;84.1;84.4
2020;Tous;Hommes et Femmes;68357.5;101.4;101.6
2019;00-10 ans;Femmes;165.0;3.9;
2019;00-10 ans;Hommes;211.0;4.7;
2019;00-10 ans;Hommes et Femmes;376.0;4.3;
2019;11-14 ans;Femmes;3421.0;208.3;
2019;11-14 ans;Hommes;680.0;39.5;
2019;11-14 ans;Hommes et Femmes;4101.0;122.0;
2019;15-17 ans;Femmes;4959.0;404.2;
2019;15-17 ans;Hommes;1490.0;115.3;
2019;15-17 ans;Hommes et Femmes;6449.0;256.0;
2019;18-24 ans;Femmes;6123.0;229.9;
2019;18-24 ans;Hommes;3531.0;127.6;
2019;18-24 ans;Hommes et Femmes;9654.0;177.7;
2019;25-44 ans;Femmes;11875.5;143.4;
2019;25-44 ans;Hommes;10847.5;136.0;
2019;25-44 ans;Hommes et Femmes;22723.0;139.7;
2019;45-64 ans;Femmes;13779.0;153.8;
2019;45-64 ans;Hommes;9822.5;115.3;
2019;45-64 ans;Hommes et Femmes;23601.5;135.0;
2019;65-84 ans;Femmes;4497.25;73.0;
2019;65-84 ans;Hommes;2552.0;50.1;
2019;65-84 ans;Hommes et Femmes;7049.25;62.7;
2019;85 ans et plus;Femmes;962.25;63.8;
2019;85 ans et plus;Hommes;663.0;94.6;
2019;85 ans et plus;Hommes et Femmes;1625.25;73.5;
2019;Tous;Femmes;45779.0;131.8;132.1
2019;Tous;Hommes;29796.0;91.6;91.9
2019;Tous;Hommes et Femmes;75575.0;112.4;112.6
